{
  "entity.zombie.ambient": {
	"replace": "true",
    "sounds": [
      "mob/zombie/say1",
      "mob/zombie/say2",
      "mob/zombie/say3",
      "moreZsounds/say4",
      "moreZsounds/say5",
      "moreZsounds/say6",
      "moreZsounds/say7",
      "moreZsounds/say8",
      "moreZsounds/say9",
      "moreZsounds/say10",
      "moreZsounds/say11",
      "moreZsounds/say12",
      "moreZsounds/say13",
      "moreZsounds/say14",
      "moreZsounds/say15",
      "moreZsounds/say16",
      "moreZsounds/say17",
      "moreZsounds/say18",
      "moreZsounds/say19",
	  "moreZsounds/say20",
	  "moreZsounds/say21",
	  "moreZsounds/say22",
	  "moreZsounds/say23",
	  "moreZsounds/say24",
	  "moreZsounds/say25",
	  "moreZsounds/say26",
	  "moreZsounds/say27",
	  "moreZsounds/say28",
	  "moreZsounds/say29",
	  "moreZsounds/say30",
	  "moreZsounds/say31",
	  "moreZsounds/say32",
	  "moreZsounds/say33",
	  "moreZsounds/say34",
	  "moreZsounds/say35",
	  "moreZsounds/say36",
	  "moreZsounds/say37",
	  "moreZsounds/say38",
	  "moreZsounds/say39",
	  "moreZsounds/say40",
	  "moreZsounds/say41",
	  "moreZsounds/say42",
	  "moreZsounds/say43",
	  "moreZsounds/say44",
	  "moreZsounds/say45",
	  "moreZsounds/say46",
	  "moreZsounds/say47",
	  "moreZsounds/say48",
	  "moreZsounds/say49",
	  "moreZsounds/say50",
	  "moreZsounds/say51",
	  "moreZsounds/say52",
	  "moreZsounds/say53",
	  "moreZsounds/say54",
	  "moreZsounds/say55",
	  "moreZsounds/say56",
	  "moreZsounds/say57",
	  "moreZsounds/say58",
	  "moreZsounds/say59",
	  "moreZsounds/say60",
	  "moreZsounds/say61",
	  "moreZsounds/say62",
	  "moreZsounds/say63",
	  "moreZsounds/say64",
	  "moreZsounds/say65",
	  "moreZsounds/say66",
	  "moreZsounds/say67",
	  "moreZsounds/say68",
	  "moreZsounds/say69",
	  "moreZsounds/say70",
	  "moreZsounds/say71",
	  "moreZsounds/say72",
	  "moreZsounds/say73",
	  "moreZsounds/say74",
	  "moreZsounds/say75",
	  "moreZsounds/say76",
	  "moreZsounds/say77",
	  "moreZsounds/say78",
	  "moreZsounds/say79",
	  "moreZsounds/say80",
	  "moreZsounds/say81",
	  "moreZsounds/say82",
	  "moreZsounds/say83"
    ],
    "subtitle": "subtitles.entity.zombie.ambient"
	  },
"entity.zombie.hurt": {
	"replace": "true",
    "sounds": [
      "mob/zombie/hurt1",
      "mob/zombie/hurt2",
	  "moreZsounds/hurt3",
      "moreZsounds/hurt4",
      "moreZsounds/hurt5",
      "moreZsounds/hurt6",
      "moreZsounds/hurt7",
      "moreZsounds/hurt8",
      "moreZsounds/hurt9",
      "moreZsounds/hurt10",
      "moreZsounds/hurt11",
      "moreZsounds/hurt12",
      "moreZsounds/hurt13",
      "moreZsounds/hurt14",
      "moreZsounds/hurt15",
	  "moreZsounds/hurt16",
	  "moreZsounds/hurt17",
	  "moreZsounds/hurt18",
	  "moreZsounds/hurt19",
	  "moreZsounds/hurt20",
	  "moreZsounds/hurt21",
	  "moreZsounds/hurt22",
	  "moreZsounds/hurt23",
	  "moreZsounds/hurt24",
	  "moreZsounds/hurt25",
	  "moreZsounds/hurt26",
	  "moreZsounds/hurt27",
	  "moreZsounds/hurt28",
      "moreZsounds/hurt29"
		  
    ],
	"subtitles": "subtitles.entity.zombie.hurt"
		  },
"entity.zombie.death": {
	"replace": "true",
    "sounds": [
	"mob/zombie/death",
	"moreZsounds/death2",
    "moreZsounds/death3",
    "moreZsounds/death4",
	"moreZsounds/death5",
	"moreZsounds/death6",
	"moreZsounds/death7",
	"moreZsounds/death8",
	"moreZsounds/death9"

		  
    ],
	"subtitles": "subtitles.entity.zombie.death"
	  }
}

	